SNP,Case_Num_C_Allele,Case_Num_T_Allele,Control_Num_C_Allele,Control_Num_T_Allele
snp0,16,34,41,59
snp1,24,26,65,35
snp2,44,6,42,58
snp3,27,23,65,35
snp4,33,17,1,99
snp5,5,45,14,86
snp6,19,31,13,87
snp7,35,15,24,76
snp8,1,49,20,80
snp9,12,38,40,60
snp10,2,48,70,30
snp11,7,43,69,31
snp12,14,36,48,52
snp13,43,7,82,18
snp14,5,45,26,74
snp15,10,40,80,20
snp16,13,37,79,21
snp17,28,22,32,68
snp18,9,41,15,85
snp19,4,46,18,82
snp20,19,31,51,49
snp21,40,10,60,40
snp22,37,13,19,81
snp23,25,25,54,46
snp24,26,24,12,88
snp25,49,1,80,20
snp26,29,21,46,54
snp27,40,10,69,31
snp28,8,42,52,48
snp29,8,42,28,72
snp30,45,5,20,80
snp31,45,5,66,34
snp32,35,15,5,95
snp33,5,45,61,39
snp34,10,40,43,57
snp35,19,31,44,56
snp36,38,12,6,94
snp37,12,38,98,2
snp38,43,7,71,29
snp39,11,39,77,23
snp40,10,40,93,7
snp41,28,22,18,82
snp42,36,14,31,69
snp43,41,9,14,86
snp44,23,27,84,16
snp45,49,1,46,54
snp46,35,15,97,3
snp47,6,44,61,39
snp48,13,37,50,50
snp49,5,45,82,18
snp50,31,19,32,68
snp51,35,15,75,25
snp52,16,34,85,15
snp53,16,34,75,25
snp54,34,16,25,75
snp55,39,11,83,17
snp56,1,49,44,56
snp57,3,47,67,33
snp58,30,20,89,11
snp59,17,33,2,98
snp60,42,8,56,44
snp61,32,18,20,80
snp62,21,29,13,87
snp63,39,11,62,38
snp64,34,16,65,35
snp65,17,33,74,26
snp66,30,20,43,57
snp67,39,11,74,26
snp68,38,12,89,11
snp69,1,49,63,37
snp70,28,22,91,9
snp71,49,1,25,75
snp72,19,31,82,18
snp73,19,31,25,75
snp74,1,49,15,85
snp75,13,37,46,54
snp76,44,6,50,50
snp77,41,9,10,90
snp78,25,25,41,59
snp79,33,17,95,5
snp80,1,49,36,64
snp81,46,4,84,16
snp82,39,11,28,72
snp83,49,1,16,84
snp84,4,46,32,68
snp85,5,45,88,12
snp86,13,37,48,52
snp87,48,2,13,87
snp88,44,6,1,99
snp89,33,17,38,62
snp90,19,31,60,40
snp91,37,13,40,60
snp92,45,5,82,18
snp93,28,22,1,99
snp94,12,38,24,76
snp95,8,42,92,8
snp96,28,22,23,77
snp97,48,2,25,75
snp98,20,30,69,31
snp99,29,21,28,72
snp100,7,43,56,44
snp101,36,14,99,1
snp102,20,30,99,1
snp103,37,13,48,52
snp104,17,33,48,52
snp105,20,30,95,5
snp106,11,39,85,15
snp107,15,35,44,56
snp108,22,28,47,53
snp109,37,13,77,23
snp110,42,8,63,37
snp111,3,47,2,98
snp112,36,14,73,27
snp113,14,36,3,97
snp114,16,34,47,53
snp115,26,24,31,69
snp116,21,29,59,41
snp117,44,6,54,46
snp118,3,47,29,71
snp119,20,30,38,62
snp120,32,18,81,19
snp121,42,8,61,39
snp122,7,43,25,75
snp123,9,41,59,41
snp124,47,3,68,32
snp125,3,47,52,48
snp126,16,34,74,26
snp127,34,16,1,99
snp128,9,41,3,97
snp129,18,32,60,40
snp130,9,41,59,41
snp131,4,46,95,5
snp132,35,15,2,98
snp133,12,38,33,67
snp134,17,33,84,16
snp135,3,47,24,76
snp136,23,27,89,11
snp137,42,8,69,31
snp138,44,6,75,25
snp139,11,39,25,75
snp140,21,29,47,53
snp141,48,2,10,90
snp142,6,44,55,45
snp143,40,10,3,97
snp144,45,5,5,95
snp145,32,18,59,41
snp146,36,14,80,20
snp147,47,3,9,91
snp148,26,24,62,38
snp149,27,23,22,78
snp150,5,45,15,85
snp151,38,12,97,3
snp152,26,24,47,53
snp153,29,21,13,87
snp154,44,6,97,3
snp155,22,28,29,71
snp156,14,36,79,21
snp157,45,5,52,48
snp158,2,48,62,38
snp159,1,49,19,81
snp160,40,10,5,95
snp161,7,43,25,75
snp162,1,49,77,23
snp163,2,48,68,32
snp164,48,2,91,9
snp165,48,2,43,57
snp166,12,38,53,47
snp167,9,41,58,42
snp168,12,38,33,67
snp169,17,33,66,34
snp170,49,1,79,21
snp171,22,28,54,46
snp172,29,21,57,43
snp173,37,13,89,11
snp174,33,17,11,89
snp175,49,1,80,20
snp176,6,44,47,53
snp177,6,44,43,57
snp178,25,25,20,80
snp179,22,28,46,54
snp180,35,15,56,44
snp181,38,12,47,53
snp182,11,39,6,94
snp183,29,21,93,7
snp184,18,32,29,71
snp185,47,3,70,30
snp186,47,3,46,54
snp187,19,31,27,73
snp188,27,23,31,69
snp189,13,37,13,87
snp190,32,18,33,67
snp191,48,2,2,98
snp192,24,26,86,14
snp193,1,49,51,49
snp194,18,32,76,24
snp195,41,9,14,86
snp196,10,40,40,60
snp197,21,29,53,47
snp198,8,42,81,19
snp199,8,42,30,70
snp200,13,37,66,34
snp201,30,20,51,49
snp202,34,16,92,8
snp203,38,12,6,94
snp204,36,14,99,1
snp205,2,48,22,78
snp206,48,2,25,75
snp207,36,14,98,2
snp208,12,38,21,79
snp209,13,37,83,17
snp210,19,31,88,12
snp211,21,29,68,32
snp212,12,38,1,99
snp213,45,5,78,22
snp214,24,26,32,68
snp215,49,1,32,68
snp216,36,14,46,54
snp217,30,20,51,49
snp218,19,31,84,16
snp219,6,44,15,85
snp220,45,5,35,65
snp221,18,32,67,33
snp222,48,2,60,40
snp223,45,5,39,61
snp224,37,13,99,1
snp225,26,24,65,35
snp226,23,27,54,46
snp227,47,3,14,86
snp228,38,12,3,97
snp229,43,7,69,31
snp230,18,32,68,32
snp231,17,33,36,64
snp232,19,31,28,72
snp233,3,47,44,56
snp234,27,23,47,53
snp235,3,47,68,32
snp236,18,32,41,59
snp237,47,3,3,97
snp238,13,37,7,93
snp239,25,25,85,15
snp240,28,22,57,43
snp241,42,8,1,99
snp242,3,47,98,2
snp243,8,42,99,1
snp244,44,6,97,3
snp245,12,38,38,62
snp246,27,23,40,60
snp247,9,41,63,37
snp248,23,27,94,6
snp249,49,1,5,95
snp250,27,23,2,98
snp251,41,9,38,62
snp252,7,43,85,15
snp253,49,1,13,87
snp254,49,1,77,23
snp255,49,1,77,23
snp256,17,33,13,87
snp257,47,3,69,31
snp258,17,33,91,9
snp259,2,48,27,73
snp260,1,49,89,11
snp261,3,47,56,44
snp262,31,19,85,15
snp263,27,23,35,65
snp264,29,21,89,11
snp265,7,43,98,2
snp266,14,36,97,3
snp267,16,34,27,73
snp268,5,45,81,19
snp269,3,47,86,14
snp270,17,33,84,16
snp271,28,22,39,61
snp272,44,6,98,2
snp273,18,32,31,69
snp274,48,2,2,98
snp275,25,25,62,38
snp276,46,4,40,60
snp277,45,5,68,32
snp278,2,48,21,79
snp279,8,42,33,67
snp280,22,28,30,70
snp281,43,7,55,45
snp282,40,10,87,13
snp283,7,43,37,63
snp284,47,3,4,96
snp285,24,26,89,11
snp286,32,18,84,16
snp287,26,24,11,89
snp288,39,11,61,39
snp289,12,38,44,56
snp290,46,4,47,53
snp291,35,15,84,16
snp292,10,40,84,16
snp293,12,38,54,46
snp294,45,5,74,26
snp295,45,5,32,68
snp296,27,23,77,23
snp297,4,46,62,38
snp298,6,44,97,3
snp299,44,6,24,76
snp300,23,27,51,49
snp301,46,4,75,25
snp302,2,48,48,52
snp303,44,6,30,70
snp304,36,14,70,30
snp305,1,49,7,93
snp306,24,26,18,82
snp307,15,35,44,56
snp308,5,45,83,17
snp309,6,44,96,4
snp310,2,48,5,95
snp311,21,29,69,31
snp312,12,38,54,46
snp313,40,10,81,19
snp314,48,2,6,94
snp315,49,1,96,4
snp316,37,13,96,4
snp317,19,31,10,90
snp318,20,30,1,99
snp319,38,12,40,60
snp320,10,40,13,87
snp321,2,48,1,99
snp322,1,49,44,56
snp323,14,36,56,44
snp324,14,36,21,79
snp325,17,33,12,88
snp326,47,3,99,1
snp327,28,22,45,55
snp328,26,24,12,88
snp329,21,29,58,42
snp330,40,10,70,30
snp331,6,44,15,85
snp332,24,26,95,5
snp333,13,37,93,7
snp334,8,42,48,52
snp335,16,34,64,36
snp336,29,21,97,3
snp337,18,32,4,96
snp338,48,2,30,70
snp339,14,36,73,27
snp340,1,49,7,93
snp341,24,26,78,22
snp342,30,20,63,37
snp343,49,1,6,94
snp344,5,45,22,78
snp345,3,47,94,6
snp346,8,42,89,11
snp347,31,19,29,71
snp348,2,48,34,66
snp349,18,32,13,87
snp350,46,4,77,23
snp351,5,45,67,33
snp352,2,48,43,57
snp353,47,3,32,68
snp354,47,3,88,12
snp355,2,48,78,22
snp356,19,31,39,61
snp357,21,29,77,23
snp358,49,1,79,21
snp359,24,26,82,18
snp360,45,5,16,84
snp361,27,23,25,75
snp362,5,45,23,77
snp363,33,17,89,11
snp364,42,8,64,36
snp365,5,45,8,92
snp366,32,18,46,54
snp367,37,13,5,95
snp368,30,20,61,39
snp369,30,20,93,7
snp370,16,34,22,78
snp371,9,41,2,98
snp372,27,23,77,23
snp373,9,41,21,79
snp374,15,35,64,36
snp375,19,31,37,63
snp376,39,11,97,3
snp377,18,32,90,10
snp378,22,28,41,59
snp379,15,35,76,24
snp380,25,25,76,24
snp381,19,31,77,23
snp382,34,16,99,1
snp383,37,13,40,60
snp384,37,13,26,74
snp385,10,40,34,66
snp386,15,35,36,64
snp387,36,14,57,43
snp388,45,5,54,46
snp389,24,26,28,72
snp390,13,37,63,37
snp391,20,30,59,41
snp392,35,15,97,3
snp393,15,35,60,40
snp394,29,21,10,90
snp395,23,27,56,44
snp396,5,45,99,1
snp397,49,1,54,46
snp398,36,14,87,13
snp399,39,11,41,59
snp400,31,19,9,91
snp401,44,6,60,40
snp402,45,5,96,4
snp403,27,23,43,57
snp404,40,10,77,23
snp405,3,47,91,9
snp406,16,34,2,98
snp407,49,1,96,4
snp408,34,16,15,85
snp409,5,45,29,71
snp410,27,23,60,40
snp411,28,22,98,2
snp412,43,7,40,60
snp413,14,36,57,43
snp414,3,47,34,66
snp415,8,42,70,30
snp416,20,30,38,62
snp417,39,11,74,26
snp418,15,35,68,32
snp419,14,36,20,80
snp420,48,2,49,51
snp421,2,48,57,43
snp422,5,45,54,46
snp423,43,7,97,3
snp424,7,43,76,24
snp425,7,43,44,56
snp426,20,30,57,43
snp427,43,7,1,99
snp428,20,30,65,35
snp429,49,1,41,59
snp430,2,48,41,59
snp431,46,4,60,40
snp432,18,32,5,95
snp433,47,3,92,8
snp434,45,5,35,65
snp435,2,48,30,70
snp436,5,45,78,22
snp437,4,46,41,59
snp438,17,33,63,37
snp439,28,22,52,48
snp440,11,39,35,65
snp441,48,2,83,17
snp442,31,19,28,72
snp443,32,18,90,10
snp444,2,48,50,50
snp445,41,9,48,52
snp446,30,20,32,68
snp447,43,7,38,62
snp448,28,22,72,28
snp449,31,19,57,43
snp450,42,8,75,25
snp451,42,8,7,93
snp452,40,10,58,42
snp453,41,9,62,38
snp454,9,41,26,74
snp455,29,21,52,48
snp456,9,41,66,34
snp457,43,7,18,82
snp458,3,47,99,1
snp459,43,7,6,94
snp460,38,12,98,2
snp461,5,45,41,59
snp462,30,20,34,66
snp463,25,25,45,55
snp464,45,5,54,46
snp465,35,15,25,75
snp466,22,28,32,68
snp467,16,34,21,79
snp468,44,6,31,69
snp469,5,45,55,45
snp470,32,18,52,48
snp471,19,31,30,70
snp472,43,7,34,66
snp473,22,28,34,66
snp474,26,24,74,26
snp475,38,12,42,58
snp476,19,31,22,78
snp477,33,17,29,71
snp478,44,6,82,18
snp479,25,25,97,3
snp480,17,33,12,88
snp481,45,5,32,68
snp482,47,3,38,62
snp483,39,11,17,83
snp484,12,38,35,65
snp485,13,37,12,88
snp486,47,3,21,79
snp487,6,44,15,85
snp488,11,39,65,35
snp489,24,26,76,24
snp490,43,7,99,1
snp491,13,37,62,38
snp492,25,25,66,34
snp493,46,4,74,26
snp494,26,24,73,27
snp495,27,23,51,49
snp496,4,46,63,37
snp497,36,14,66,34
snp498,4,46,35,65
snp499,31,19,28,72
snp500,29,21,34,66
snp501,46,4,82,18
snp502,12,38,99,1
snp503,49,1,38,62
snp504,1,49,20,80
snp505,45,5,1,99
snp506,47,3,63,37
snp507,27,23,26,74
snp508,7,43,13,87
snp509,49,1,61,39
snp510,30,20,55,45
snp511,11,39,46,54
snp512,6,44,5,95
snp513,22,28,84,16
snp514,35,15,95,5
snp515,12,38,99,1
snp516,19,31,20,80
snp517,37,13,97,3
snp518,46,4,71,29
snp519,48,2,13,87
snp520,8,42,79,21
snp521,24,26,40,60
snp522,15,35,84,16
snp523,3,47,43,57
snp524,30,20,81,19
snp525,35,15,97,3
snp526,8,42,8,92
snp527,30,20,77,23
snp528,16,34,94,6
snp529,10,40,55,45
snp530,1,49,51,49
snp531,19,31,75,25
snp532,38,12,64,36
snp533,1,49,45,55
snp534,47,3,67,33
snp535,5,45,80,20
snp536,22,28,61,39
snp537,19,31,31,69
snp538,29,21,79,21
snp539,16,34,40,60
snp540,17,33,7,93
snp541,47,3,87,13
snp542,34,16,1,99
snp543,6,44,47,53
snp544,45,5,32,68
snp545,14,36,19,81
snp546,45,5,51,49
snp547,28,22,48,52
snp548,3,47,81,19
snp549,9,41,79,21
snp550,46,4,97,3
snp551,11,39,58,42
snp552,16,34,10,90
snp553,41,9,36,64
snp554,41,9,34,66
snp555,49,1,84,16
snp556,6,44,48,52
snp557,39,11,48,52
snp558,13,37,95,5
snp559,3,47,26,74
snp560,9,41,54,46
snp561,23,27,44,56
snp562,29,21,87,13
snp563,1,49,76,24
snp564,3,47,59,41
snp565,8,42,73,27
snp566,42,8,75,25
snp567,48,2,83,17
snp568,12,38,61,39
snp569,36,14,59,41
snp570,5,45,1,99
snp571,14,36,56,44
snp572,16,34,44,56
snp573,37,13,65,35
snp574,18,32,72,28
snp575,45,5,82,18
snp576,43,7,90,10
snp577,33,17,53,47
snp578,27,23,1,99
snp579,43,7,91,9
snp580,17,33,19,81
snp581,6,44,74,26
snp582,15,35,57,43
snp583,25,25,90,10
snp584,19,31,56,44
snp585,8,42,95,5
snp586,22,28,52,48
snp587,22,28,53,47
snp588,49,1,4,96
snp589,8,42,33,67
snp590,43,7,41,59
snp591,5,45,59,41
snp592,41,9,11,89
snp593,34,16,69,31
snp594,20,30,27,73
snp595,27,23,63,37
snp596,16,34,54,46
snp597,37,13,89,11
snp598,10,40,82,18
snp599,2,48,58,42
snp600,25,25,57,43
snp601,35,15,66,34
snp602,27,23,63,37
snp603,47,3,1,99
snp604,22,28,72,28
snp605,29,21,55,45
snp606,22,28,53,47
snp607,43,7,87,13
snp608,23,27,65,35
snp609,24,26,28,72
snp610,10,40,62,38
snp611,33,17,78,22
snp612,22,28,46,54
snp613,48,2,90,10
snp614,21,29,40,60
snp615,8,42,36,64
snp616,1,49,46,54
snp617,4,46,45,55
snp618,28,22,27,73
snp619,4,46,12,88
snp620,38,12,73,27
snp621,48,2,14,86
snp622,5,45,45,55
snp623,30,20,86,14
snp624,30,20,68,32
snp625,29,21,39,61
snp626,43,7,34,66
snp627,47,3,33,67
snp628,43,7,19,81
snp629,26,24,52,48
snp630,43,7,1,99
snp631,40,10,67,33
snp632,38,12,85,15
snp633,26,24,74,26
snp634,43,7,12,88
snp635,47,3,48,52
snp636,10,40,99,1
snp637,20,30,82,18
snp638,49,1,35,65
snp639,26,24,19,81
snp640,45,5,37,63
snp641,21,29,2,98
snp642,9,41,76,24
snp643,2,48,41,59
snp644,11,39,82,18
snp645,41,9,41,59
snp646,15,35,95,5
snp647,47,3,37,63
snp648,25,25,96,4
snp649,21,29,12,88
snp650,36,14,66,34
snp651,25,25,14,86
snp652,15,35,37,63
snp653,48,2,95,5
snp654,43,7,20,80
snp655,5,45,39,61
snp656,21,29,91,9
snp657,46,4,55,45
snp658,26,24,1,99
snp659,7,43,61,39
snp660,17,33,78,22
snp661,9,41,73,27
snp662,18,32,9,91
snp663,10,40,94,6
snp664,36,14,96,4
snp665,42,8,17,83
snp666,17,33,20,80
snp667,44,6,97,3
snp668,20,30,14,86
snp669,21,29,49,51
snp670,41,9,16,84
snp671,41,9,31,69
snp672,29,21,71,29
snp673,7,43,6,94
snp674,31,19,87,13
snp675,32,18,77,23
snp676,25,25,2,98
snp677,8,42,1,99
snp678,28,22,79,21
snp679,13,37,29,71
snp680,5,45,46,54
snp681,5,45,97,3
snp682,27,23,16,84
snp683,30,20,87,13
snp684,4,46,28,72
snp685,1,49,86,14
snp686,36,14,40,60
snp687,31,19,72,28
snp688,33,17,86,14
snp689,24,26,64,36
snp690,20,30,57,43
snp691,20,30,55,45
snp692,30,20,94,6
snp693,4,46,21,79
snp694,43,7,82,18
snp695,7,43,17,83
snp696,16,34,88,12
snp697,14,36,19,81
snp698,33,17,93,7
snp699,7,43,95,5
snp700,40,10,2,98
snp701,17,33,61,39
snp702,49,1,8,92
snp703,14,36,29,71
snp704,7,43,26,74
snp705,21,29,54,46
snp706,42,8,87,13
snp707,25,25,67,33
snp708,39,11,21,79
snp709,14,36,62,38
snp710,48,2,48,52
snp711,22,28,73,27
snp712,20,30,99,1
snp713,1,49,62,38
snp714,26,24,15,85
snp715,33,17,38,62
snp716,16,34,24,76
snp717,18,32,12,88
snp718,49,1,28,72
snp719,2,48,28,72
snp720,30,20,80,20
snp721,30,20,53,47
snp722,18,32,25,75
snp723,44,6,20,80
snp724,20,30,92,8
snp725,4,46,92,8
snp726,6,44,79,21
snp727,12,38,33,67
snp728,1,49,27,73
snp729,9,41,3,97
snp730,3,47,20,80
snp731,29,21,45,55
snp732,1,49,95,5
snp733,16,34,1,99
snp734,49,1,94,6
snp735,34,16,30,70
snp736,17,33,65,35
snp737,10,40,68,32
snp738,12,38,27,73
snp739,20,30,39,61
snp740,30,20,36,64
snp741,16,34,86,14
snp742,11,39,72,28
snp743,7,43,36,64
snp744,17,33,93,7
snp745,23,27,25,75
snp746,46,4,76,24
snp747,18,32,12,88
snp748,34,16,63,37
snp749,15,35,56,44
snp750,23,27,21,79
snp751,35,15,61,39
snp752,42,8,4,96
snp753,30,20,57,43
snp754,5,45,50,50
snp755,42,8,76,24
snp756,42,8,43,57
snp757,37,13,66,34
snp758,40,10,71,29
snp759,3,47,95,5
snp760,30,20,30,70
snp761,27,23,11,89
snp762,44,6,30,70
snp763,48,2,49,51
snp764,17,33,21,79
snp765,21,29,95,5
snp766,24,26,79,21
snp767,39,11,19,81
snp768,17,33,55,45
snp769,32,18,8,92
snp770,38,12,33,67
snp771,36,14,26,74
snp772,42,8,87,13
snp773,9,41,34,66
snp774,42,8,3,97
snp775,7,43,83,17
snp776,9,41,36,64
snp777,42,8,51,49
snp778,6,44,21,79
snp779,46,4,15,85
snp780,11,39,28,72
snp781,43,7,56,44
snp782,38,12,42,58
snp783,28,22,77,23
snp784,39,11,50,50
snp785,11,39,81,19
snp786,49,1,61,39
snp787,49,1,70,30
snp788,27,23,37,63
snp789,8,42,19,81
snp790,5,45,69,31
snp791,12,38,53,47
snp792,38,12,1,99
snp793,1,49,99,1
snp794,23,27,73,27
snp795,35,15,60,40
snp796,15,35,87,13
snp797,44,6,6,94
snp798,33,17,28,72
snp799,13,37,57,43
snp800,7,43,79,21
snp801,43,7,57,43
snp802,8,42,58,42
snp803,44,6,98,2
snp804,26,24,58,42
snp805,26,24,45,55
snp806,6,44,55,45
snp807,11,39,19,81
snp808,4,46,30,70
snp809,15,35,84,16
snp810,35,15,34,66
snp811,29,21,25,75
snp812,45,5,27,73
snp813,49,1,97,3
snp814,29,21,36,64
snp815,30,20,81,19
snp816,48,2,72,28
snp817,10,40,92,8
snp818,14,36,22,78
snp819,42,8,45,55
snp820,29,21,96,4
snp821,25,25,14,86
snp822,36,14,54,46
snp823,23,27,77,23
snp824,40,10,85,15
snp825,35,15,89,11
snp826,14,36,74,26
snp827,42,8,86,14
snp828,5,45,61,39
snp829,48,2,72,28
snp830,40,10,13,87
snp831,37,13,70,30
snp832,34,16,43,57
snp833,2,48,36,64
snp834,23,27,44,56
snp835,19,31,33,67
snp836,7,43,21,79
snp837,41,9,36,64
snp838,40,10,75,25
snp839,5,45,99,1
snp840,31,19,28,72
snp841,21,29,55,45
snp842,17,33,39,61
snp843,45,5,99,1
snp844,42,8,80,20
snp845,1,49,83,17
snp846,23,27,96,4
snp847,25,25,5,95
snp848,15,35,97,3
snp849,8,42,81,19
snp850,6,44,30,70
snp851,2,48,18,82
snp852,27,23,68,32
snp853,40,10,40,60
snp854,26,24,68,32
snp855,45,5,46,54
snp856,31,19,87,13
snp857,10,40,34,66
snp858,17,33,59,41
snp859,30,20,22,78
snp860,1,49,30,70
snp861,18,32,98,2
snp862,30,20,99,1
snp863,13,37,75,25
snp864,13,37,68,32
snp865,17,33,13,87
snp866,16,34,43,57
snp867,5,45,34,66
snp868,26,24,10,90
snp869,24,26,21,79
snp870,25,25,20,80
snp871,28,22,33,67
snp872,11,39,10,90
snp873,42,8,28,72
snp874,29,21,37,63
snp875,27,23,12,88
snp876,20,30,33,67
snp877,48,2,19,81
snp878,23,27,87,13
snp879,33,17,66,34
snp880,4,46,84,16
snp881,20,30,64,36
snp882,34,16,62,38
snp883,34,16,44,56
snp884,43,7,99,1
snp885,16,34,70,30
snp886,6,44,60,40
snp887,19,31,16,84
snp888,40,10,33,67
snp889,1,49,64,36
snp890,23,27,53,47
snp891,8,42,2,98
snp892,13,37,40,60
snp893,44,6,37,63
snp894,6,44,22,78
snp895,34,16,80,20
snp896,45,5,48,52
snp897,1,49,85,15
snp898,4,46,97,3
snp899,46,4,79,21
snp900,34,16,94,6
snp901,10,40,2,98
snp902,19,31,35,65
snp903,44,6,82,18
snp904,18,32,16,84
snp905,15,35,73,27
snp906,18,32,60,40
snp907,49,1,75,25
snp908,9,41,88,12
snp909,1,49,24,76
snp910,41,9,68,32
snp911,39,11,88,12
snp912,11,39,70,30
snp913,7,43,9,91
snp914,15,35,90,10
snp915,17,33,71,29
snp916,17,33,66,34
snp917,2,48,46,54
snp918,33,17,65,35
snp919,37,13,23,77
snp920,39,11,37,63
snp921,26,24,63,37
snp922,12,38,19,81
snp923,2,48,81,19
snp924,6,44,68,32
snp925,17,33,54,46
snp926,10,40,28,72
snp927,16,34,68,32
snp928,21,29,50,50
snp929,47,3,13,87
snp930,29,21,1,99
snp931,37,13,97,3
snp932,12,38,57,43
snp933,34,16,22,78
snp934,49,1,77,23
snp935,17,33,11,89
snp936,23,27,69,31
snp937,1,49,62,38
snp938,36,14,67,33
snp939,11,39,57,43
snp940,21,29,44,56
snp941,36,14,25,75
snp942,32,18,79,21
snp943,34,16,70,30
snp944,23,27,89,11
snp945,39,11,52,48
snp946,41,9,43,57
snp947,35,15,78,22
snp948,36,14,52,48
snp949,31,19,88,12
snp950,1,49,3,97
snp951,1,49,63,37
snp952,30,20,15,85
snp953,18,32,37,63
snp954,12,38,25,75
snp955,43,7,91,9
snp956,3,47,93,7
snp957,23,27,34,66
snp958,6,44,58,42
snp959,48,2,86,14
snp960,13,37,97,3
snp961,1,49,54,46
snp962,5,45,45,55
snp963,20,30,35,65
snp964,2,48,38,62
snp965,47,3,31,69
snp966,13,37,85,15
snp967,23,27,33,67
snp968,13,37,64,36
snp969,1,49,38,62
snp970,39,11,90,10
snp971,46,4,2,98
snp972,18,32,24,76
snp973,17,33,86,14
snp974,11,39,99,1
snp975,43,7,31,69
snp976,26,24,83,17
snp977,43,7,31,69
snp978,26,24,13,87
snp979,28,22,97,3
snp980,6,44,93,7
snp981,49,1,99,1
snp982,23,27,76,24
snp983,46,4,50,50
snp984,42,8,68,32
snp985,2,48,99,1
snp986,49,1,57,43
snp987,24,26,96,4
snp988,40,10,34,66
snp989,41,9,36,64
snp990,45,5,84,16
snp991,21,29,32,68
snp992,3,47,21,79
snp993,34,16,34,66
snp994,22,28,71,29
snp995,29,21,14,86
snp996,16,34,8,92
snp997,49,1,1,99
snp998,42,8,70,30
snp999,39,11,25,75
