SNP,p_value,significant_eff_val,significant_bcr_val
snp0,0.3724499440171267,False,False
snp1,0.05356738383015347,False,False
snp2,3.173955712714991e-08,True,False
snp3,0.21580027942383556,False,False
snp4,1.7352245997668885e-19,True,True
snp5,0.6069505835527786,False,False
snp6,0.0006827318852258292,False,False
snp7,1.2358738988253428e-07,False,False
snp8,0.002088467637727472,False,False
snp9,0.0685551821518266,False,False
snp10,5.031900638207879e-16,True,True
snp11,1.0413374416666833e-10,True,False
snp12,0.022526614821955074,False,False
snp13,0.6451618942550267,False,False
snp14,0.031204466106975737,False,False
snp15,1.4874096717749842e-12,True,True
snp16,4.387265642977891e-10,True,False
snp17,0.007656968728378229,False,False
snp18,0.6427475804989944,False,False
snp19,0.14191091949382204,False,False
snp20,0.16534044112874297,False,False
snp21,0.016911635745514922,False,False
snp22,7.316590383108592e-11,True,False
snp23,0.7292554366925956,False,False
snp24,2.7171363872923846e-07,False,False
snp25,0.0020884676377274725,False,False
snp26,0.2251822775795272,False,False
snp27,0.1774121684399833,False,False
snp28,1.790283867928957e-05,False,False
snp29,0.1549026643448488,False,False
snp30,9.197908785921036e-17,True,True
snp31,0.0014468893438135254,False,False
snp32,3.92829701062348e-17,True,True
snp33,8.940251692280948e-10,True,False
snp34,0.0064352939935371604,False,False
snp35,0.5988679410982964,False,False
snp36,7.870243761263034e-19,True,True
snp37,1.371483348328392e-22,True,True
snp38,0.04517037394531725,False,False
snp39,1.4519037571134054e-10,True,False
snp40,7.506744696707122e-20,True,True
snp41,4.019147974504194e-06,False,False
snp42,2.182864454189572e-06,False,False
snp43,2.6314383592701143e-16,True,True
snp44,2.5593432166103256e-06,False,False
snp45,1.0548768322209728e-11,True,True
snp46,4.878749779385223e-06,False,False
snp47,4.474699305068884e-09,True,False
snp48,0.0052793488213959605,False,False
snp49,4.86603048221816e-18,True,True
snp50,0.0007665894913717896,False,False
snp51,0.5592237558939865,False,False
snp52,1.4579384971546683e-10,True,False
snp53,5.154594471731909e-07,False,False
snp54,5.154594471731909e-07,False,False
snp55,0.5076378739798051,False,False
snp56,9.086810168519216e-09,True,False
snp57,9.734143372439772e-14,True,True
snp58,7.675144944372797e-05,False,False
snp59,9.12319483576616e-08,False,False
snp60,0.0009235091888826652,False,False
snp61,1.7585948095184682e-07,False,False
snp62,0.00013678527300980823,False,False
snp63,0.06448079308192668,False,False
snp64,0.8551091954734742,False,False
snp65,3.2164721468817562e-06,False,False
snp66,0.05778754719284508,False,False
snp67,0.6895861640915719,False,False
snp68,0.053203907160733144,False,False
snp69,9.780906831488157e-15,True,True
snp70,2.0648100766015347e-06,False,False
snp71,1.4088052282673154e-19,True,True
snp72,1.1793797635773173e-07,False,False
snp73,0.12794903165099486,False,False
snp74,0.02160909046909438,False,False
snp75,0.021406722768002776,False,False
snp76,4.820475921957689e-06,False,False
snp77,1.1252150254868016e-18,True,True
snp78,0.30210020105557406,False,False
snp79,6.20058350746129e-06,False,False
snp80,6.533213627184759e-07,False,False
snp81,0.21023857595340656,False,False
snp82,9.177551142888473e-09,True,False
snp83,2.7468930788726465e-24,True,True
snp84,0.0010164118787716445,False,False
snp85,1.853222959820392e-21,True,True
snp86,0.01323458514661742,False,False
snp87,1.2851718193237501e-24,True,True
snp88,3.6026760782153664e-30,True,True
snp89,0.0016944523302447204,False,False
snp90,0.014936857830751804,False,False
snp91,0.0001169067770579471,False,False
snp92,0.23680450960928218,False,False
snp93,1.1201451382230298e-15,True,True
snp94,1.0,False,False
snp95,5.043784407908846e-21,True,True
snp96,0.00010056795758874411,False,False
snp97,6.281066191743455e-18,True,True
snp98,0.0008222819968506864,False,False
snp99,0.0006170370496971152,False,False
snp100,5.618536195063248e-07,False,False
snp101,5.913793001057184e-07,False,False
snp102,3.805607899133684e-17,True,True
snp103,0.0029132956860736326,False,False
snp104,0.11782050026962002,False,False
snp105,1.941766375750788e-13,True,True
snp106,3.9809072644836897e-14,True,True
snp107,0.11263959874354867,False,False
snp108,0.8621712176261671,False,False
snp109,0.6895861640915718,False,False
snp110,0.008396113642265347,False,False
snp111,0.3337665145148826,False,False
snp112,1.0,False,False
snp113,1.5119378307839906e-05,False,False
snp114,0.0834012411731066,False,False
snp115,0.019824143568935984,False,False
snp116,0.05733036299968117,False,False
snp117,2.380428226486164e-05,False,False
snp118,0.0012075411549582963,False,False
snp119,0.8597459011607855,False,False
snp120,0.02790480380896835,False,False
snp121,0.004873213059981723,False,False
snp122,0.1423956465641777,False,False
snp123,1.7828209183152862e-06,False,False
snp124,0.00020940957890027307,False,False
snp125,7.520806950852619e-09,True,False
snp126,1.1651691941029932e-06,False,False
snp127,2.616679401604212e-20,True,True
snp128,0.0026669262801319506,False,False
snp129,0.008975401875651687,False,False
snp130,1.7828209183152862e-06,False,False
snp131,4.4126347201351345e-28,True,True
snp132,6.039242352406416e-20,True,True
snp133,0.3447659638387498,False,False
snp134,1.943495497965361e-09,True,False
snp135,0.006496179068755851,False,False
snp136,4.0933039109368136e-08,True,False
snp137,0.05128006132463312,False,False
snp138,0.08642813827001541,False,False
snp139,0.8396112930520838,False,False
snp140,0.6046148679662342,False,False
snp141,1.0900125314976205e-26,True,True
snp142,1.979154828210691e-07,False,False
snp143,2.1704475130037482e-23,True,True
snp144,7.969850557912123e-27,True,True
snp145,0.5981360721574698,False,False
snp146,0.3038163864957868,False,False
snp147,5.0760650452483003e-26,True,True
snp148,0.29193940910431726,False,False
snp149,0.0001748979565942489,False,False
snp150,0.4557649089481861,False,False
snp151,0.00013229032177480696,False,False
snp152,0.6057770328558203,False,False
snp153,1.827900783914233e-08,True,False
snp154,0.06054917253072187,False,False
snp155,0.0992120908623588,False,False
snp156,2.986941474348125e-09,True,False
snp157,1.90897919725957e-06,False,False
snp158,6.062762888733895e-13,True,True
snp159,0.0038943314221995705,False,False
snp160,1.7734701889721403e-21,True,True
snp161,0.1423956465641777,False,False
snp162,1.5178540169019623e-20,True,True
snp163,2.962081740044861e-15,True,True
snp164,0.3376298113622524,False,False
snp165,2.283673977807631e-11,True,True
snp166,0.0008501648612138819,False,False
snp167,3.966052049110896e-06,False,False
snp168,0.3447659638387498,False,False
snp169,0.00024896148094078656,False,False
snp170,0.0011541963802735443,False,False
snp171,0.29943239836547664,False,False
snp172,1.0,False,False
snp173,0.03147903362347884,False,False
snp174,7.91663250026485e-12,True,True
snp175,0.0020884676377274725,False,False
snp176,2.160245661867921e-05,False,False
snp177,9.539915959443215e-05,False,False
snp178,0.00027669647613596854,False,False
snp179,0.863006543579948,False,False
snp180,0.1126395987435487,False,False
snp181,0.0008501648612138822,False,False
snp182,0.005728780114856066,False,False
snp183,6.28241069194373e-07,False,False
snp184,0.4557703664406915,False,False
snp185,0.0006545988261913176,False,False
snp186,1.4156689369870386e-09,True,False
snp187,0.19103477070205693,False,False
snp188,0.007850911924640054,False,False
snp189,0.06614366478665913,False,False
snp190,0.00043342118184204394,False,False
snp191,3.0149799965410717e-34,True,True
snp192,1.5212825750142085e-06,False,False
snp193,8.512818801280613e-11,True,False
snp194,2.6510337533985502e-06,False,False
snp195,2.6314383592701143e-16,True,True
snp196,0.016911635745514922,False,False
snp197,0.228251123151464,False,False
snp198,1.2207306038708343e-14,True,True
snp199,0.07446205290642303,False,False
snp200,4.75158903757883e-06,False,False
snp201,0.38506980432857285,False,False
snp202,0.0003033725443140366,False,False
snp203,7.870243761263034e-19,True,True
snp204,5.913793001057184e-07,False,False
snp205,0.00404039448244016,False,False
snp206,6.281066191743455e-18,True,True
snp207,3.555976051937771e-06,False,False
snp208,0.6806401368783921,False,False
snp209,1.044432250103492e-11,True,True
snp210,4.497381655684524e-10,True,False
snp211,0.002787102964685354,False,False
snp212,6.826611241065228e-06,False,False
snp213,0.07662459989559613,False,False
snp214,0.07325614771858954,False,False
snp215,2.2727655139324456e-16,True,True
snp216,0.003067109028248822,False,False
snp217,0.38506980432857285,False,False
snp218,2.2290701804639363e-08,True,False
snp219,0.8036676236497731,False,False
snp220,3.995924315119579e-11,True,True
snp221,0.00043342118184204394,False,False
snp222,7.273222172194546e-07,False,False
snp223,8.940251692280948e-10,True,False
snp224,2.033615557753744e-06,False,False
snp225,0.15632117467193501,False,False
snp226,0.38951394211043455,False,False
snp227,1.2830004499063106e-22,True,True
snp228,1.6752593134712126e-21,True,True
snp229,0.028468033858182147,False,False
snp230,0.0002341876943471002,False,False
snp231,0.8577094386126931,False,False
snp232,0.2629558984747768,False,False
snp233,6.303661334483322e-07,False,False
snp234,0.4892957743323625,False,False
snp235,5.893391531450389e-14,True,True
snp236,0.5981360721574696,False,False
snp237,1.577545950642321e-31,True,True
snp238,0.0020721540110070643,False,False
snp239,1.036032167389876e-05,False,False
snp240,1.0,False,False
snp241,6.9760781797620345e-28,True,True
snp242,9.74868382352879e-33,True,True
snp243,6.9760781797620345e-28,True,True
snp244,0.06054917253072187,False,False
snp245,0.10016837151421504,False,False
snp246,0.11890093053849585,False,False
snp247,1.383838667102413e-07,False,False
snp248,8.190404598781976e-11,True,False
snp249,1.5098729734826032e-32,True,True
snp250,6.81128447271533e-14,True,True
snp251,2.9780109474494375e-07,False,False
snp252,1.3316325664418345e-17,True,True
snp253,3.64300887069644e-26,True,True
snp254,0.0006236466677590332,False,False
snp255,0.0006236466677590332,False,False
snp256,0.004304705298729261,False,False
snp257,0.0003647144516262386,False,False
snp258,6.412506119339062e-13,True,True
snp259,0.000406002147460941,False,False
snp260,1.5360388573895335e-27,True,True
snp261,4.217982698909517e-10,True,False
snp262,0.0032665006479553446,False,False
snp263,0.03461434180506918,False,False
snp264,3.1847269758161076e-05,False,False
snp265,1.1230569986509377e-27,True,True
snp266,9.656276228274041e-20,True,True
snp267,0.5679290939199394,False,False
snp268,1.5474077422225927e-17,True,True
snp269,1.2830004499063109e-22,True,True
snp270,1.943495497965361e-09,True,False
snp271,0.056472158019506793,False,False
snp272,0.016964180571032102,False,False
snp273,0.581886535509168,False,False
snp274,3.0149799965410717e-34,True,True
snp275,0.1662306982306947,False,False
snp276,2.2789109828274763e-10,True,False
snp277,0.0027014350887585637,False,False
snp278,0.007071622905680225,False,False
snp279,0.032726118958927346,False,False
snp280,0.10324719058089031,False,False
snp281,0.00012776704869577114,False,False
snp282,0.3363727080988298,False,False
snp283,0.00406117074784355,False,False
snp284,1.95232626885776e-30,True,True
snp285,1.2194508205243113e-07,False,False
snp286,0.007526712121450783,False,False
snp287,1.2194508205243113e-07,False,False
snp288,0.043930861906817734,False,False
snp289,0.020085960770871915,False,False
snp290,3.248004178291915e-08,True,False
snp291,0.055508796521470755,False,False
snp292,1.9599567334941605e-14,True,True
snp293,0.0004933157494302683,False,False
snp294,0.031204466106975737,False,False
snp295,5.9877872761162995e-12,True,True
snp296,0.005046095737536149,False,False
snp297,6.404902934757569e-11,True,False
snp298,1.156544948471489e-27,True,True
snp299,4.226674964904097e-14,True,True
snp300,0.6059589400789179,False,False
snp301,0.015121306046271887,False,False
snp302,9.536247874583325e-09,True,False
snp303,7.005889645884092e-12,True,True
snp304,0.8510155547698839,False,False
snp305,0.26977300311732666,False,False
snp306,0.00020403784551295694,False,False
snp307,0.11263959874354867,False,False
snp308,1.4717018736558616e-18,True,True
snp309,1.3088642851546727e-26,True,True
snp310,1.0,False,False
snp311,0.002462207919876417,False,False
snp312,0.0004933157494302683,False,False
snp313,1.0,False,False
snp314,5.8660528954468066e-30,True,True
snp315,0.6651749662690178,False,False
snp316,0.00014395755614556033,False,False
snp317,0.00011178848362203472,False,False
snp318,2.1264285466131028e-10,True,False
snp319,3.089171221256298e-05,False,False
snp320,0.3363727080988298,False,False
snp321,0.25775439869399597,False,False
snp322,9.086810168519216e-09,True,False
snp323,0.0016615481421272203,False,False
snp324,0.41321983905752846,False,False
snp325,0.002022003373830851,False,False
snp326,0.10810810810810809,False,False
snp327,0.2280633991403703,False,False
snp328,2.7171363872923846e-07,False,False
snp329,0.08282877361157344,False,False
snp330,0.24117337993253457,False,False
snp331,0.8036676236497731,False,False
snp332,7.693687897535085e-11,True,False
snp333,3.1082634832297463e-17,True,True
snp334,0.00014049557957688895,False,False
snp335,0.000258366582801131,False,False
snp336,2.9205193205950266e-09,True,False
snp337,5.761739578071284e-07,False,False
snp338,5.031900638207878e-16,True,True
snp339,2.0111108798873016e-07,False,False
snp340,0.26977300311732666,False,False
snp341,0.0003577316709207482,False,False
snp342,0.7250082620280702,False,False
snp343,1.3699360818715904e-31,True,True
snp344,0.07662459989559614,False,False
snp345,1.6882596151083236e-28,True,True
snp346,5.599378788345285e-19,True,True
snp347,0.0001727076078784244,False,False
snp348,1.5170063872044344e-05,False,False
snp349,0.002270978475661602,False,False
snp350,0.025225606311963782,False,False
snp351,9.009548907948926e-12,True,True
snp352,1.4183883404294135e-07,False,False
snp353,5.893391531450388e-14,True,True
snp354,0.3871533220490211,False,False
snp355,1.3631262255213428e-19,True,True
snp356,1.0,False,False
snp357,4.6083952925786727e-05,False,False
snp358,0.0011541963802735443,False,False
snp359,4.363269424694782e-05,False,False
snp360,4.268871600991808e-19,True,True
snp361,0.0005707038533582908,False,False
snp362,0.07438680757412776,False,False
snp363,0.0014401274828725287,False,False
snp364,0.013193070287584152,False,False
snp365,0.7606505966017147,False,False
snp366,0.039842060775441654,False,False
snp367,8.859951246027298e-19,True,True
snp368,1.0,False,False
snp369,1.9487055314684638e-06,False,False
snp370,0.23226340564368883,False,False
snp371,0.0009046868922873036,False,False
snp372,0.005046095737536149,False,False
snp373,0.8290068952272625,False,False
snp374,0.00011705361043577297,False,False
snp375,1.0,False,False
snp376,0.00037281484572572167,False,False
snp377,1.0821307456671997e-11,True,True
snp378,0.7294497567159719,False,False
snp379,1.235873898825343e-07,False,False
snp380,0.00177349327151477,False,False
snp381,4.593218571308666e-06,False,False
snp382,4.6500323542983066e-08,True,False
snp383,0.0001169067770579471,False,False
snp384,2.5287614680162425e-08,True,False
snp385,0.08862105536658396,False,False
snp386,0.5836989577974885,False,False
snp387,0.07836790243395364,False,False
snp388,7.406404110956022e-06,False,False
snp389,0.01850096109705699,False,False
snp390,2.5553808325087248e-05,False,False
snp391,0.03719720629851723,False,False
snp392,4.878749779385223e-06,False,False
snp393,0.0009029381569450639,False,False
snp394,7.937269120209086e-10,True,False
snp395,0.2987452635191021,False,False
snp396,2.103902522374201e-31,True,True
snp397,1.896438652922388e-09,True,False
snp398,0.04066277491592474,False,False
snp399,2.3828208712145615e-05,False,False
snp400,1.3917826978612014e-11,True,True
snp401,0.0003482254994685133,False,False
snp402,0.16071100270838587,False,False
snp403,0.22713502192012985,False,False
snp404,0.8347519268437124,False,False
snp405,5.076065045248299e-26,True,True
snp406,3.1797501207344597e-07,False,False
snp407,0.6651749662690178,False,False
snp408,1.4579384971546686e-10,True,False
snp409,0.01213725620874366,False,False
snp410,0.48905382608898346,False,False
snp411,1.159845888868098e-10,True,False
snp412,4.375887935342419e-08,True,False
snp413,0.0009508937485438807,False,False
snp414,0.0001000627097356688,False,False
snp415,3.27449779681998e-10,True,False
snp416,0.8597459011607855,False,False
snp417,0.6895861640915719,False,False
snp418,1.2073363983930498e-05,False,False
snp419,0.3038163864957868,False,False
snp420,1.4515688516551167e-09,True,False
snp421,2.2836739778076305e-11,True,True
snp422,6.465926096664607e-08,False,False
snp423,0.016305076621628743,False,False
snp424,2.455720532048992e-13,True,True
snp425,0.00022553299593190365,False,False
snp426,0.05778754719284508,False,False
snp427,5.335620152589192e-29,True,True
snp428,0.0050120938423928955,False,False
snp429,2.960707923276143e-13,True,True
snp430,6.734126130151861e-07,False,False
snp431,2.375421845655219e-05,False,False
snp432,2.026217044827342e-06,False,False
snp433,0.7523357289898636,False,False
snp434,3.995924315119579e-11,True,True
snp435,0.00010947530757275518,False,False
snp436,4.107969480219767e-16,True,True
snp437,2.0928000113177636e-05,False,False
snp438,0.0009666737809445847,False,False
snp439,0.7291485216353466,False,False
snp440,0.13320750582882165,False,False
snp441,0.03464858350240206,False,False
snp442,8.493989623773284e-05,False,False
snp443,0.00025356783439984003,False,False
snp444,1.929132775801949e-09,True,False
snp445,8.386330796694492e-05,False,False
snp446,0.001465985973037231,False,False
snp447,1.3304697279203808e-08,True,False
snp448,0.06597126462348517,False,False
snp449,0.6009213871467693,False,False
snp450,0.2957260523680693,False,False
snp451,8.745274934137824e-22,True,True
snp452,0.01041483390274446,False,False
snp453,0.01510499153796404,False,False
snp454,0.3119144852147382,False,False
snp455,0.6024083316084603,False,False
snp456,3.5088568328743054e-08,True,False
snp457,4.651234333449212e-16,True,True
snp458,4.09701918919644e-34,True,True
snp459,1.2069841874608329e-23,True,True
snp460,3.558458534093413e-05,False,False
snp461,6.693450560400322e-05,False,False
snp462,0.002967364218636721,False,False
snp463,0.6050252313622216,False,False
snp464,7.406404110956022e-06,False,False
snp465,1.6722547889124474e-07,False,False
snp466,0.15465700202486496,False,False
snp467,0.16189550453791968,False,False
snp468,2.411254620207889e-11,True,True
snp469,4.911019631698091e-08,True,False
snp470,0.2218031868830024,False,False
snp471,0.35865839987791626,False,False
snp472,1.1558582020116032e-09,True,False
snp473,0.2832122950328484,False,False
snp474,0.009896507338867265,False,False
snp475,0.000112289653744656,False,False
snp476,0.05157325538464149,False,False
snp477,2.0264670633650386e-05,False,False
snp478,0.4792381813717107,False,False
snp479,1.1094395068207395e-11,True,True
snp480,0.002022003373830851,False,False
snp481,5.9877872761162995e-12,True,True
snp482,5.2678950949420715e-12,True,True
snp483,4.22553023879843e-13,True,True
snp484,0.19482219456678554,False,False
snp485,0.037540671493003164,False,False
snp486,8.3947441420429e-19,True,True
snp487,0.8036676236497731,False,False
snp488,7.760523086115663e-07,False,False
snp489,0.0008913703998593206,False,False
snp490,0.0020020725495422183,False,False
snp491,5.4165824529812395e-05,False,False
snp492,0.07616541742981102,False,False
snp493,0.009308374801676397,False,False
snp494,0.016884329139892292,False,False
snp495,0.8624977628914362,False,False
snp496,2.4338292776372413e-11,True,True
snp497,0.5778997035496214,False,False
snp498,0.00030098962213149344,False,False
snp499,8.493989623773284e-05,False,False
snp500,0.008139053040069608,False,False
snp501,0.14191091949382206,False,False
snp502,7.664502447465942e-24,True,True
snp503,2.5060368566346136e-14,True,True
snp504,0.002088467637727472,False,False
snp505,2.103902522374201e-31,True,True
snp506,2.556422962644648e-05,False,False
snp507,0.0010494429059271734,False,False
snp508,1.0,False,False
snp509,1.2884830201204896e-07,False,False
snp510,0.6030711460045444,False,False
snp511,0.0044842241923006825,False,False
snp512,0.18108315778935596,False,False
snp513,9.354248245004346e-07,False,False
snp514,5.244543883525319e-05,False,False
snp515,7.664502447465942e-24,True,True
snp516,0.02886792199884089,False,False
snp517,4.543424368142118e-05,False,False
snp518,0.003189771569294379,False,False
snp519,1.2851718193237501e-24,True,True
snp520,1.052396676817407e-13,True,True
snp521,0.3842925665263533,False,False
snp522,8.569969947208821e-11,True,False
snp523,1.3196963782728285e-06,False,False
snp524,0.00961949237339948,False,False
snp525,4.878749779385223e-06,False,False
snp526,0.16329915436454895,False,False
snp527,0.036052176605277035,False,False
snp528,1.3705197968611835e-15,True,True
snp529,4.8186723291208776e-05,False,False
snp530,8.512818801280613e-11,True,False
snp531,1.4798760215003127e-05,False,False
snp532,0.19334271294671973,False,False
snp533,3.986635691199985e-09,True,False
snp534,0.0001884930409805259,False,False
snp535,9.197908785921036e-17,True,True
snp536,0.05647215801950679,False,False
snp537,0.4630586473286967,False,False
snp538,0.011520058368407287,False,False
snp539,0.37479754833319756,False,False
snp540,6.734240731292374e-05,False,False
snp541,0.265012938757563,False,False
snp542,2.616679401604212e-20,True,True
snp543,2.160245661867921e-05,False,False
snp544,5.9877872761162995e-12,True,True
snp545,0.2171666277272109,False,False
snp546,1.5638861834723027e-06,False,False
snp547,0.38973417569814683,False,False
snp548,8.31029479635446e-20,True,True
snp549,6.000761929338414e-13,True,True
snp550,0.2224472049189184,False,False
snp551,2.844997189113499e-05,False,False
snp552,0.0012831705490429911,False,False
snp553,1.0255958494599551e-07,False,False
snp554,3.5088568328743054e-08,True,False
snp555,0.011959456876519843,False,False
snp556,1.0527727177198532e-05,False,False
snp557,0.0004485386129348068,False,False
snp558,8.859951246027298e-19,True,True
snp559,0.00373957503299852,False,False
snp560,2.173089778684274e-05,False,False
snp561,0.8626467918561556,False,False
snp562,0.00013678527300980823,False,False
snp563,6.73706790527574e-20,True,True
snp564,5.0297523773473664e-11,True,False
snp565,2.3739396192369776e-11,True,True
snp566,0.2957260523680693,False,False
snp567,0.03464858350240206,False,False
snp568,2.506381752025179e-05,False,False
snp569,0.1509186829083059,False,False
snp570,0.015931082636214944,False,False
snp571,0.0016615481421272203,False,False
snp572,0.2157003861189385,False,False
snp573,0.353352467961384,False,False
snp574,3.743032243420829e-05,False,False
snp575,0.23680450960928218,False,False
snp576,0.5855488638131825,False,False
snp577,0.16171614861801376,False,False
snp578,5.740331316769945e-15,True,True
snp579,0.4036828092250395,False,False
snp580,0.06675281889443345,False,False
snp581,2.641493061718866e-13,True,True
snp582,0.0019352497108090806,False,False
snp583,1.870696264083828e-07,False,False
snp584,0.05620748995715236,False,False
snp585,1.8295789967026376e-23,True,True
snp586,0.3897341756981469,False,False
snp587,0.386595583635939,False,False
snp588,1.4122872419325079e-33,True,True
snp589,0.032726118958927346,False,False
snp590,9.266276989409523e-08,False,False
snp591,3.0085965632386298e-09,True,False
snp592,4.848630722616038e-18,True,True
snp593,1.0,False,False
snp594,0.1352292622506142,False,False
snp595,0.2956552226530934,False,False
snp596,0.01481352736326303,False,False
snp597,0.03147903362347884,False,False
snp598,1.8456318662672855e-13,True,True
snp599,8.977846906621321e-12,True,True
snp600,0.4873426684786782,False,False
snp601,0.7130593871141349,False,False
snp602,0.2956552226530934,False,False
snp603,4.097019189196441e-34,True,True
snp604,0.0012016846141760852,False,False
snp605,0.861621767914784,False,False
snp606,0.386595583635939,False,False
snp607,1.0,False,False
snp608,0.034614341805069185,False,False
snp609,0.01850096109705699,False,False
snp610,9.789010389037471e-07,False,False
snp611,0.11992587522560341,False,False
snp612,0.863006543579948,False,False
snp613,0.33850173516957416,False,False
snp614,0.8609580449994563,False,False
snp615,0.013193070287584149,False,False
snp616,1.896438652922388e-09,True,False
snp617,2.308551286346654e-06,False,False
snp618,0.0006613322781636305,False,False
snp619,0.5802371338390497,False,False
snp620,0.8437485199817674,False,False
snp621,5.566572038581301e-24,True,True
snp622,8.882828213656454e-06,False,False
snp623,0.0007298491436882276,False,False
snp624,0.36571202750550813,False,False
snp625,0.03663961542170806,False,False
snp626,1.1558582020116032e-09,True,False
snp627,9.73414337243977e-14,True,True
snp628,1.9810586401261595e-15,True,True
snp629,1.0,False,False
snp630,5.335620152589192e-29,True,True
snp631,0.12564358540627865,False,False
snp632,0.1841182382314563,False,False
snp633,0.009896507338867265,False,False
snp634,2.461022003729767e-19,True,True
snp635,7.520806950852617e-09,True,False
snp636,8.705329425491907e-26,True,True
snp637,6.210900413772033e-07,False,False
snp638,1.887845905395442e-15,True,True
snp639,5.734884205287966e-05,False,False
snp640,2.6677541334900424e-10,True,False
snp641,4.665514303503369e-10,True,False
snp642,1.3396112738367182e-11,True,True
snp643,6.734126130151861e-07,False,False
snp644,1.0300817342703902e-12,True,True
snp645,1.7828209183152864e-06,False,False
snp646,3.92829701062348e-17,True,True
snp647,3.629556951907222e-12,True,True
snp648,6.462127327812653e-11,True,False
snp649,5.603045577918368e-05,False,False
snp650,0.5778997035496214,False,False
snp651,6.960843418457329e-06,False,False
snp652,0.4681582413444184,False,False
snp653,1.0,False,False
snp654,4.324562159740816e-15,True,True
snp655,0.00023471304883841915,False,False
snp656,2.4826723258780294e-10,True,False
snp657,2.308551286346654e-06,False,False
snp658,2.8387493924111508e-14,True,True
snp659,3.132958632561338e-08,True,False
snp660,2.486332385248777e-07,False,False
snp661,1.1725423490597986e-10,True,False
snp662,9.898388279866632e-05,False,False
snp663,1.2335230896505027e-20,True,True
snp664,5.09615781574313e-05,False,False
snp665,1.2171626605071995e-15,True,True
snp666,0.07204381753837252,False,False
snp667,0.06054917253072187,False,False
snp668,0.0007298491436882278,False,False
snp669,0.48846941661134013,False,False
snp670,2.8821404800592413e-15,True,True
snp671,3.6718393028787877e-09,True,False
snp672,0.14168085415773612,False,False
snp673,0.12609988948728476,False,False
snp674,0.0006827318852258291,False,False
snp675,0.1198148671139451,False,False
snp676,1.4769000142896779e-12,True,True
snp677,0.0006774593645411013,False,False
snp678,0.004264363769464938,False,False
snp679,0.8472850378075286,False,False
snp680,7.406404110956022e-06,False,False
snp681,7.18087754646491e-29,True,True
snp682,2.5593432166103265e-06,False,False
snp683,0.00030724625020737105,False,False
snp684,0.0054123498588410325,False,False
snp685,1.6211513302229023e-25,True,True
snp686,0.0002592554481992486,False,False
snp687,0.2629558984747768,False,False
snp688,0.005762024568030931,False,False
snp689,0.07857910856718685,False,False
snp690,0.05778754719284508,False,False
snp691,0.11860414318468071,False,False
snp692,6.550605385595577e-07,False,False
snp693,0.061575668439513294,False,False
snp694,0.6451618942550267,False,False
snp695,0.8138620679577795,False,False
snp696,5.463104680479183e-12,True,True
snp697,0.2171666277272109,False,False
snp698,6.734240731292375e-05,False,False
snp699,1.5840345610621387e-24,True,True
snp700,1.6645408336228363e-24,True,True
snp701,0.0030125770424262654,False,False
snp702,7.647734427110984e-30,True,True
snp703,1.0,False,False
snp704,0.14228012106303065,False,False
snp705,0.2251822775795272,False,False
snp706,0.6245886985545663,False,False
snp707,0.05153252751764169,False,False
snp708,2.548124263922557e-11,True,True
snp709,0.0001185219527386941,False,False
snp710,6.00070876872946e-10,True,False
snp711,0.0006613322781636305,False,False
snp712,3.805607899133684e-17,True,True
snp713,2.5060368566346136e-14,True,True
snp714,4.06006403046328e-06,False,False
snp715,0.0016944523302447204,False,False
snp716,0.33026413608328115,False,False
snp717,0.0009629540099813364,False,False
snp718,2.9064552365201896e-18,True,True
snp719,0.0003739936940643752,False,False
snp720,0.011315850518915213,False,False
snp721,0.48700641445889764,False,False
snp722,0.18242893752716455,False,False
snp723,5.80125736639746e-16,True,True
snp724,1.6772408425211536e-11,True,True
snp725,1.7297762405383875e-25,True,True
snp726,1.411465059400375e-15,True,True
snp727,0.3447659638387498,False,False
snp728,8.888307996490438e-05,False,False
snp729,0.0026669262801319506,False,False
snp730,0.02976576219174777,False,False
snp731,0.16620904321437877,False,False
snp732,1.5098729734826035e-32,True,True
snp733,4.650032354298308e-08,True,False
snp734,0.4251015685202977,False,False
snp735,1.1236196132152812e-05,False,False
snp736,0.00045880959779050787,False,False
snp737,3.438565128367117e-08,True,False
snp738,0.8437485199817674,False,False
snp739,1.0,False,False
snp740,0.00852427652600185,False,False
snp741,6.848016746890495e-11,True,False
snp742,9.177551142888471e-09,True,False
snp743,0.006825762793128222,False,False
snp744,3.7123737429708375e-14,True,True
snp745,0.015192973367855911,False,False
snp746,0.024786180317622267,False,False
snp747,0.0009629540099813364,False,False
snp748,0.5904891259594973,False,False
snp749,0.0031745347195637325,False,False
snp750,0.002239271366526095,False,False
snp751,0.36710253746783617,False,False
snp752,2.1042885367461317e-24,True,True
snp753,0.8608413820429042,False,False
snp754,7.393403956989687e-07,False,False
snp755,0.2968457305108976,False,False
snp756,1.5173787370709897e-06,False,False
snp757,0.35533188912804936,False,False
snp758,0.3235437875202869,False,False
snp759,1.9702271551470116e-29,True,True
snp760,0.0006964943069053351,False,False
snp761,4.093303910936813e-08,True,False
snp762,7.005889645884092e-12,True,True
snp763,1.4515688516551167e-09,True,False
snp764,0.11080568966018128,False,False
snp765,9.220397531134717e-13,True,True
snp766,0.00017480630965231836,False,False
snp767,3.689563454971356e-12,True,True
snp768,0.016319608161892863,False,False
snp769,7.991141882297644e-13,True,True
snp770,7.742256345050171e-07,False,False
snp771,8.587329368010656e-08,False,False
snp772,0.6245886985545663,False,False
snp773,0.05492234353834886,False,False
snp774,1.976805784703781e-25,True,True
snp775,1.4847533769764617e-16,True,True
snp776,0.024608594599337476,False,False
snp777,7.511870778418953e-05,False,False
snp778,0.25922837901178253,False,False
snp779,8.684868667631037e-21,True,True
snp780,0.5540876030949464,False,False
snp781,0.00022553299593190365,False,False
snp782,0.000112289653744656,False,False
snp783,0.013392593672672256,False,False
snp784,0.0013749859125773908,False,False
snp785,3.689563454971356e-12,True,True
snp786,1.2884830201204896e-07,False,False
snp787,2.3198203923094066e-05,False,False
snp788,0.05521621618485764,False,False
snp789,0.8221505628444159,False,False
snp790,1.910657933318362e-12,True,True
snp791,0.0008501648612138819,False,False
snp792,7.664502447465939e-24,True,True
snp793,2.4845169891962775e-37,True,True
snp794,0.0019785122327174863,False,False
snp795,0.2819815575484397,False,False
snp796,3.560130067109486e-12,True,True
snp797,9.490432362952381e-25,True,True
snp798,1.675536661932438e-05,False,False
snp799,0.0004613265669113743,False,False
snp800,2.075439016404149e-14,True,True
snp801,0.00040963566690937125,False,False
snp802,7.107950291543596e-07,False,False
snp803,0.016964180571032102,False,False
snp804,0.4916066471723438,False,False
snp805,0.48866937298822155,False,False
snp806,1.979154828210691e-07,False,False
snp807,0.6701282845208859,False,False
snp808,0.0019158949052744388,False,False
snp809,8.569969947208821e-11,True,False
snp810,5.114516070917993e-05,False,False
snp811,0.00012479933640756623,False,False
snp812,6.754201480040888e-14,True,True
snp813,1.0,False,False
snp814,0.014198122310801909,False,False
snp815,0.00961949237339948,False,False
snp816,0.0003739936940643752,False,False
snp817,4.0783749119576644e-19,True,True
snp818,0.4244474730808768,False,False
snp819,3.797770764657034e-06,False,False
snp820,1.4255513861249067e-08,True,False
snp821,6.960843418457329e-06,False,False
snp822,0.03593762541541022,False,False
snp823,0.000220490098037716,False,False
snp824,0.48860873663731086,False,False
snp825,0.0057112677920427585,False,False
snp826,8.587329368010656e-08,False,False
snp827,0.8080305653464448,False,False
snp828,8.940251692280948e-10,True,False
snp829,0.0003739936940643752,False,False
snp830,5.4520743406661e-16,True,True
snp831,0.7031127516610726,False,False
snp832,0.00537221259859438,False,False
snp833,6.583475755743884e-06,False,False
snp834,0.8626467918561556,False,False
snp835,0.5874061852054165,False,False
snp836,0.37673445473714084,False,False
snp837,1.0255958494599551e-07,False,False
snp838,0.5450127474846451,False,False
snp839,2.103902522374201e-31,True,True
snp840,8.493989623773284e-05,False,False
snp841,0.1662090432143788,False,False
snp842,0.5946756940954275,False,False
snp843,0.015931082636214944,False,False
snp844,0.6592779203966712,False,False
snp845,1.0541915218802467e-23,True,True
snp846,3.516921934205626e-12,True,True
snp847,3.109333872226138e-10,True,False
snp848,6.663228847805206e-19,True,True
snp849,1.2207306038708343e-14,True,True
snp850,0.01547251246338294,False,False
snp851,0.020459517484803378,False,False
snp852,0.10761057408036578,False,False
snp853,4.380864992177639e-06,False,False
snp854,0.07325614771858954,False,False
snp855,6.465926096664608e-08,False,False
snp856,0.0006827318852258291,False,False
snp857,0.08862105536658396,False,False
snp858,0.00539525430777435,False,False
snp859,8.266736873831996e-06,False,False
snp860,2.3198203923094062e-05,False,False
snp861,1.5842341607125457e-17,True,True
snp862,2.1264285466131025e-10,True,False
snp863,1.8842899176861528e-08,True,False
snp864,1.7353403528944143e-06,False,False
snp865,0.004304705298729261,False,False
snp866,0.2179113492587288,False,False
snp867,0.0014468893438135248,False,False
snp868,7.12850996416907e-08,False,False
snp869,0.0011629281088015215,False,False
snp870,0.00027669647613596854,False,False
snp871,0.008383837168284447,False,False
snp872,0.07800927833826754,False,False
snp873,8.022931760817913e-11,True,False
snp874,0.02282524622940736,False,False
snp875,8.58106728876226e-08,False,False
snp876,0.4692915961947151,False,False
snp877,4.121908147726926e-21,True,True
snp878,3.030970601977941e-07,False,False
snp879,1.0,False,False
snp880,3.217937942221249e-20,True,True
snp881,0.00852427652600185,False,False
snp882,0.588622525163003,False,False
snp883,0.0059633742110053066,False,False
snp884,0.0020020725495422183,False,False
snp885,1.123619613215281e-05,False,False
snp886,1.0053044811527075e-08,True,False
snp887,0.003971402907600934,False,False
snp888,4.628971718414333e-08,True,False
snp889,5.4317918277707275e-15,True,True
snp890,0.48929577433236254,False,False
snp891,0.002495279586510719,False,False
snp892,0.1049643109373845,False,False
snp893,1.257560031224639e-09,True,False
snp894,0.18315961611783402,False,False
snp895,0.1104572699163937,False,False
snp896,2.94979004277522e-07,False,False
snp897,6.839247652831604e-25,True,True
snp898,3.746897942651288e-30,True,True
snp899,0.06157566843951328,False,False
snp900,5.0727159108890076e-05,False,False
snp901,0.0003172737630057545,False,False
snp902,0.7220344025787739,False,False
snp903,0.4792381813717107,False,False
snp904,0.007526712121450783,False,False
snp905,6.069493400831395e-07,False,False
snp906,0.008975401875651687,False,False
snp907,0.00017790011279185383,False,False
snp908,1.9501664605536192e-17,True,True
snp909,0.0003267561546407221,False,False
snp910,0.0818645190393414,False,False
snp911,0.148238118713369,False,False
snp912,3.235487132567213e-08,True,False
snp913,0.4036828092250395,False,False
snp914,9.240997383905374e-14,True,True
snp915,2.026467063365039e-05,False,False
snp916,0.00024896148094078656,False,False
snp917,2.534861739229782e-08,True,False
snp918,1.0,False,False
snp919,2.2890107458311656e-09,True,False
snp920,2.170641522374023e-06,False,False
snp921,0.21981308444028952,False,False
snp922,0.5237072012448956,False,False
snp923,4.121908147726926e-21,True,True
snp924,3.1814326310896674e-11,True,True
snp925,0.024571693674265663,False,False
snp926,0.3250786747559336,False,False
snp927,4.7561144134713775e-05,False,False
snp928,0.38920467530417596,False,False
snp929,3.043612631765658e-23,True,True
snp930,2.1056303046305604e-16,True,True
snp931,4.543424368142118e-05,False,False
snp932,0.0001314898461483101,False,False
snp933,8.722966091715193e-08,False,False
snp934,0.0006236466677590332,False,False
snp935,0.0014401274828725287,False,False
snp936,0.007850911924640058,False,False
snp937,2.5060368566346136e-14,True,True
snp938,0.5796605543317546,False,False
snp939,5.360609718219426e-05,False,False
snp940,0.8624309973421831,False,False
snp941,5.471032335602007e-08,False,False
snp942,0.074481579430827,False,False
snp943,0.8519223377597203,False,False
snp944,4.0933039109368136e-08,True,False
snp945,0.0024848713433040424,False,False
snp946,4.596137559955077e-06,False,False
snp947,0.3179186855335573,False,False
snp948,0.022526614821955077,False,False
snp949,0.00045497800454181384,False,False
snp950,1.0,False,False
snp951,9.780906831488157e-15,True,True
snp952,3.611984723343259e-08,True,False
snp953,1.0,False,False
snp954,1.0,False,False
snp955,0.4036828092250395,False,False
snp956,1.262985347928421e-27,True,True
snp957,0.15924172244716578,False,False
snp958,3.1739557127149915e-08,True,False
snp959,0.09038442627906873,False,False
snp960,1.3151933538695995e-20,True,True
snp961,1.0548768322209728e-11,True,True
snp962,8.882828213656454e-06,False,False
snp963,0.5920865492630826,False,False
snp964,3.0966875108867513e-06,False,False
snp965,1.8236329183581512e-14,True,True
snp966,1.2714889508527053e-12,True,True
snp967,0.1522024746423995,False,False
snp968,1.2633772442323157e-05,False,False
snp969,2.6424939521604325e-07,False,False
snp970,0.07800927833826754,False,False
snp971,2.3855374048645287e-31,True,True
snp972,0.12852762666867606,False,False
snp973,2.497082286961307e-10,True,False
snp974,8.495639008673489e-25,True,True
snp975,1.0413374416666837e-10,True,False
snp976,0.00016275890338844499,False,False
snp977,1.0413374416666837e-10,True,False
snp978,8.082322371771659e-07,False,False
snp979,7.614727414228279e-10,True,False
snp980,6.509442555451782e-24,True,True
snp981,1.0,False,False
snp982,0.0004439194082025475,False,False
snp983,1.9379749830397035e-07,False,False
snp984,0.04948851833107392,False,False
snp985,1.229843361712713e-35,True,True
snp986,1.168984753589945e-08,True,False
snp987,1.535885048922905e-11,True,True
snp988,1.0779767544239895e-07,False,False
snp989,1.0255958494599551e-07,False,False
snp990,0.4547724764815254,False,False
snp991,0.27747521210261017,False,False
snp992,0.01853197837713442,False,False
snp993,0.00011260536521461182,False,False
snp994,0.002232329076275091,False,False
snp995,6.220034370610666e-08,False,False
snp996,0.0003033725443140366,False,False
snp997,2.484516989196278e-37,True,True
snp998,0.07446205290642303,False,False
snp999,7.153131405125634e-10,True,False
